#CHROM,POS,ID,REF,ALT,QUAL,FILTER,INFO,FORMAT,NA06984,NA06989,NA12347,NA12348,NA06986,NA07037,NA07051,NA12340,NA12341,NA12342,NA12144,NA06994,NA07000,NA06985,NA12058,NA07347,NA07357,NA12043,NA12044,NA12046,NA11881,NA11840,NA11843,NA11829,NA11830,NA11831,NA11832,NA12383,NA12489,NA12546,NA12399,NA12400,NA12413,NA12414,NA12716,NA12717,NA12718,NA11992,NA11994,NA11995,NA12234,NA11892,NA11893,NA11894,NA12154,NA12156,NA12249,NA12272,NA12273,NA12275,NA12003,NA12004,NA12005,NA12006,NA12286,NA12287,NA12282,NA12283,NA11918,NA11919,NA11920,NA11930,NA11931,NA11932,NA11933,NA12748,NA12749,NA12750,NA12751,NA12760,NA12761,NA12762,NA12763,NA12775,NA12776,NA12777,NA12778,NA12812,NA12814,NA12815,NA12827
22,16053659,rs915675,A,C,100,PASS,AC=4295;AF=0.857628;AN=5008;NS=2504;DP=14514;EAS_AF=0.9167;AMR_AF=0.8329;AFR_AF=0.8994;EUR_AF=0.7296;SAS_AF=0.8896;AA=.|||;VT=SNP,GT,1|0,0|0,1|0,0|1,0|1,1|0,0|0,1|1,1|1,1|0,0|0,1|1,0|0,0|1,1|1,0|1,1|1,1|1,1|0,0|1,1|1,0|1,1|1,1|1,1|1,0|0,1|1,1|0,1|1,1|0,1|1,0|1,1|1,1|1,0|1,1|1,0|1,1|1,1|1,1|0,1|0,1|1,0|0,1|1,1|1,1|1,1|1,0|1,1|1,1|1,1|0,1|0,1|0,1|0,0|1,1|1,1|1,0|1,1|1,1|1,1|0,1|0,1|0,1|1,1|1,1|0,1|0,1|0,1|1,1|1,1|1,0|0,0|1,1|1,1|1,1|0,1|0,1|1,1|0,1|0,0|1
22,16460869,rs200741211,C,T,100,PASS,AC=1003;AF=0.20028;AN=5008;NS=2504;DP=20254;EAS_AF=0.245;AMR_AF=0.1844;AFR_AF=0.0666;EUR_AF=0.3459;SAS_AF=0.1963;AA=c|||;VT=SNP,GT,1|0,1|1,0|0,0|1,0|0,0|0,0|1,1|0,0|0,0|0,1|1,0|1,1|0,1|0,0|0,1|1,0|1,0|0,1|0,0|1,1|0,1|0,0|0,0|0,0|0,0|0,0|0,1|0,0|1,0|0,0|0,0|0,1|1,1|0,0|1,0|0,0|0,0|0,1|1,0|0,0|0,0|0,1|1,0|0,0|0,1|1,0|0,1|0,1|0,1|0,0|1,0|0,1|0,0|1,0|1,0|0,0|1,1|1,1|1,1|0,0|0,0|0,0|1,1|0,0|1,0|1,0|0,0|0,1|0,1|1,0|0,0|0,1|1,0|0,0|0,0|0,0|1,0|1,1|1,0|1,0|0
22,16860967,rs28807214,A,G,100,PASS,AC=2024;AF=0.404153;AN=5008;NS=2504;DP=26503;EAS_AF=0.4077;AMR_AF=0.4971;AFR_AF=0.3865;EUR_AF=0.4095;SAS_AF=0.3528;AA=.|||;VT=SNP,GT,0|0,1|1,1|0,0|1,1|0,1|0,0|1,0|0,1|1,0|0,1|1,0|0,0|1,0|0,0|1,1|1,1|1,0|0,0|0,1|1,1|0,1|0,0|0,0|0,0|0,1|0,1|0,1|1,1|1,0|0,1|0,0|0,0|1,0|1,1|0,0|0,0|0,0|0,1|1,0|1,0|1,1|0,1|1,0|0,1|0,0|0,0|0,1|0,1|0,1|0,1|0,0|0,1|1,0|0,0|0,0|1,0|0,1|1,1|0,0|1,0|0,1|0,0|1,0|1,1|0,1|0,0|0,1|1,0|0,0|0,0|0,1|1,0|1,0|0,0|1,1|0,1|0,0|1,0|0,0|1,1|0
22,17264565,rs5748622,G,T,100,PASS,AC=3246;AF=0.648163;AN=5008;NS=2504;DP=3046;EAS_AF=0.369;AMR_AF=0.562;AFR_AF=0.7859;EUR_AF=0.5915;SAS_AF=0.8691;AA=.|||;VT=SNP;EX_TARGET,GT,1|0,1|0,0|0,1|1,0|1,1|1,1|1,0|1,0|0,0|0,0|0,0|0,1|1,0|0,0|0,1|0,1|1,1|1,0|1,0|0,1|0,1|1,0|0,1|1,1|1,1|0,1|1,1|1,1|1,1|1,0|0,1|1,0|1,0|1,1|1,1|1,0|0,0|1,1|1,1|1,1|1,1|1,0|0,1|1,1|1,1|1,0|0,1|1,1|1,1|1,1|1,1|1,1|0,0|0,0|1,1|1,1|1,1|1,0|0,1|1,1|0,1|1,0|0,1|1,0|0,0|0,1|1,1|1,1|1,0|0,1|1,1|0,0|0,0|1,1|1,0|1,1|1,1|0,0|0,0|0,1|1
22,17667426,rs5994193,C,T,100,PASS,AC=3125;AF=0.624002;AN=5008;NS=2504;DP=16888;EAS_AF=0.7768;AMR_AF=0.7666;AFR_AF=0.5144;EUR_AF=0.6342;SAS_AF=0.5031;AA=C|||;VT=SNP,GT,0|1,0|0,1|1,0|1,1|1,0|1,1|0,0|0,0|0,0|1,0|0,1|0,0|1,0|1,1|0,1|0,1|1,1|0,1|0,1|0,1|1,0|0,1|0,0|0,1|1,1|1,0|1,1|1,0|0,0|0,1|1,1|1,1|0,1|1,1|1,1|0,1|1,1|1,1|1,1|1,1|1,1|1,0|1,0|1,1|1,1|1,1|1,1|0,1|0,0|1,1|1,0|0,1|1,1|1,1|1,1|1,1|1,0|0,0|1,0|1,1|1,1|1,1|1,1|0,1|1,1|1,1|1,1|0,1|0,0|0,1|1,1|1,1|1,0|1,1|1,0|1,1|1,1|1,0|1,1|1,0|1
22,18073568,rs9180,T,C,100,PASS,AC=1826;AF=0.364617;AN=5008;NS=2504;DP=17261;EAS_AF=0.2004;AMR_AF=0.2752;AFR_AF=0.8011;EUR_AF=0.2286;SAS_AF=0.1472;AA=C|||;VT=SNP,GT,0|0,0|1,1|0,0|0,0|0,0|0,0|0,1|1,0|0,0|0,0|1,0|1,0|0,0|0,0|0,0|0,1|0,0|0,1|1,0|0,0|1,0|0,0|0,0|1,0|1,0|1,0|0,1|0,1|0,0|0,0|0,1|0,1|0,0|0,0|1,0|0,1|0,1|1,0|0,0|1,0|0,1|0,0|0,0|1,0|0,0|0,0|0,0|1,1|0,0|1,0|0,0|0,1|0,1|0,0|0,0|0,0|1,0|0,0|0,0|0,0|0,1|0,1|1,0|0,0|0,1|1,0|1,0|0,0|0,0|1,0|0,0|1,0|0,0|0,0|0,1|1,1|0,0|0,0|0,0|0,1|1
22,18475820,rs1962572,T,G,100,PASS,AC=2367;AF=0.472644;AN=5008;NS=2504;DP=19819;EAS_AF=0.5704;AMR_AF=0.6138;AFR_AF=0.3555;EUR_AF=0.5388;SAS_AF=0.362;AA=T|||;VT=SNP,GT,1|0,1|1,1|0,0|1,0|0,1|0,1|1,0|0,0|1,0|0,0|0,0|1,0|1,1|0,0|1,1|1,1|1,0|0,1|0,1|0,0|1,0|0,1|1,1|0,1|0,1|1,0|1,1|1,1|0,1|0,0|1,1|1,1|0,1|0,0|0,1|1,0|0,0|0,0|1,0|1,0|1,0|0,0|0,1|0,0|0,1|0,1|0,0|1,1|0,1|0,1|0,1|0,0|0,1|0,1|0,0|0,1|1,1|1,1|0,1|0,1|0,1|0,0|0,0|0,1|0,0|0,0|0,1|0,0|0,1|0,0|0,1|0,0|1,1|0,0|1,0|0,1|0,0|1,1|1,0|1,0|0
22,18883818,rs5747919,G,A,100,PASS,AC=1685;AF=0.336462;AN=5008;NS=2504;DP=15871;EAS_AF=0.4484;AMR_AF=0.3862;AFR_AF=0.2005;EUR_AF=0.4404;SAS_AF=0.2628;AA=G|||;VT=SNP,GT,1|1,0|0,0|0,0|1,1|0,0|1,0|0,1|0,1|1,1|0,0|1,0|1,0|0,1|0,1|0,0|1,1|1,1|0,0|1,1|1,1|0,0|1,1|0,0|1,1|0,0|1,0|1,0|0,0|1,1|0,1|0,0|1,1|0,0|0,0|1,1|0,0|1,0|1,1|0,1|0,0|1,0|0,0|1,0|1,1|1,0|1,1|0,0|0,0|1,0|0,0|0,0|0,0|1,1|1,1|1,1|0,1|1,1|0,1|0,1|1,0|1,1|0,0|0,1|1,1|0,1|0,0|0,0|1,0|1,1|0,1|0,0|0,1|0,0|1,0|0,0|1,0|0,0|1,0|1,1|0,1|0
22,19285521,rs5748105,G,A,100,PASS,AC=3333;AF=0.665535;AN=5008;NS=2504;DP=12797;EAS_AF=0.6806;AMR_AF=0.5461;AFR_AF=0.9561;EUR_AF=0.5457;SAS_AF=0.4652;AA=A|||;VT=SNP,GT,0|1,1|0,0|0,1|1,1|1,1|0,0|1,1|0,0|0,1|0,1|1,0|1,0|1,1|1,0|0,0|0,1|1,1|0,0|1,1|0,1|0,1|0,1|1,0|0,1|1,0|0,1|0,1|0,1|1,1|1,0|0,0|1,0|1,1|1,1|0,0|0,1|1,0|1,1|0,1|1,0|1,0|1,0|0,1|1,0|0,1|1,1|0,0|0,1|0,1|0,1|1,1|0,1|0,0|1,1|0,0|1,0|1,0|0,0|1,0|0,1|1,0|1,0|1,0|1,0|0,1|0,1|0,0|1,0|0,1|1,0|0,1|1,0|0,0|1,1|1,0|0,1|1,1|0,1|0,1|0,1|0
22,19685895,rs5993810,T,C,100,PASS,AC=1630;AF=0.325479;AN=5008;NS=2504;DP=11733;EAS_AF=0.4077;AMR_AF=0.3545;AFR_AF=0.2927;EUR_AF=0.3191;SAS_AF=0.271;AA=C|||;VT=SNP,GT,0|0,0|1,1|1,0|0,1|0,0|0,0|0,1|0,0|0,0|0,0|0,0|0,0|0,0|1,0|1,1|0,0|0,0|0,0|0,0|1,1|0,1|0,1|0,0|0,0|0,0|1,0|0,0|0,1|0,0|0,0|1,1|1,1|1,0|1,0|1,1|0,0|0,1|0,1|0,0|1,0|0,0|0,0|1,0|0,0|0,1|1,1|1,0|0,0|0,0|0,0|0,0|0,1|0,1|0,0|0,1|0,1|0,0|0,0|0,1|0,0|1,1|1,0|0,0|1,0|0,0|0,0|0,1|0,0|0,0|0,1|1,0|0,0|1,0|0,1|1,0|1,1|0,0|0,0|0,0|0,0|1
22,20089083,rs112297714,G,A,100,PASS,AC=713;AF=0.142372;AN=5008;NS=2504;DP=14744;EAS_AF=0.0853;AMR_AF=0.1297;AFR_AF=0.0166;EUR_AF=0.2356;SAS_AF=0.2843;AA=A|||;VT=SNP,GT,0|1,0|0,1|0,1|0,1|1,1|1,0|0,0|0,0|0,0|0,0|0,0|0,1|1,0|0,0|0,1|0,1|0,0|1,1|0,0|0,0|0,0|1,0|0,0|1,1|0,0|1,1|0,0|1,1|0,0|0,1|0,0|0,0|0,0|1,0|0,0|0,0|0,0|1,1|0,0|0,0|0,0|1,0|0,0|0,0|0,0|0,0|0,0|1,1|0,0|1,0|0,0|0,1|0,0|0,0|0,0|1,0|0,0|0,0|0,1|1,0|0,1|1,1|1,1|0,1|0,1|0,0|0,0|0,0|0,0|0,1|1,0|0,0|0,1|0,0|0,0|0,0|0,0|1,0|0,1|0,0|0
22,20489121,rs9606414,C,T,100,PASS,AC=1083;AF=0.216254;AN=5008;NS=2504;DP=15282;EAS_AF=0.123;AMR_AF=0.2824;AFR_AF=0.1778;EUR_AF=0.3191;SAS_AF=0.2117;AA=.|||;VT=SNP,GT,1|1,0|0,0|0,0|0,1|0,1|1,0|0,0|0,0|0,1|1,0|0,1|1,0|1,1|0,0|0,1|0,0|0,0|0,0|0,0|1,1|0,0|1,1|1,0|0,0|0,0|0,0|0,0|0,1|1,0|0,1|0,0|0,0|0,1|1,0|0,1|1,1|1,1|1,1|1,0|1,1|1,1|0,0|0,1|1,1|1,1|1,0|0,1|0,0|0,0|0,0|0,1|0,1|1,0|0,1|0,0|0,1|0,0|0,0|1,0|0,0|0,1|1,1|0,0|0,1|1,0|0,1|1,0|0,1|0,1|0,1|1,0|0,0|0,1|1,1|1,1|1,0|1,0|0,0|1,0|0,0|0
22,20890267,rs5757755,G,A,100,PASS,AC=2621;AF=0.523363;AN=5008;NS=2504;DP=15832;EAS_AF=0.4583;AMR_AF=0.7133;AFR_AF=0.4123;EUR_AF=0.5805;SAS_AF=0.547;AA=G|||;VT=SNP,GT,1|1,0|1,1|1,0|0,0|1,0|1,1|1,0|0,1|0,1|1,0|1,0|1,1|1,1|0,1|0,1|0,0|0,1|0,1|0,1|0,1|0,0|1,0|0,0|0,0|1,1|0,1|1,1|0,1|1,1|1,1|1,1|0,1|1,0|0,0|0,1|1,1|1,1|0,0|1,1|0,1|1,1|0,0|1,1|1,1|0,1|1,0|1,1|1,1|1,0|1,1|0,1|0,1|1,1|1,1|0,0|1,1|0,0|1,0|1,0|1,1|0,0|0,1|1,1|0,0|0,1|0,0|0,1|1,1|0,1|1,1|1,1|0,1|0,0|1,0|1,1|0,0|1,0|1,0|1,1|1,1|1
22,21295797,rs5761449,T,A,100,PASS,AC=2467;AF=0.492612;AN=5008;NS=2504;DP=7474;EAS_AF=0.5139;AMR_AF=0.5548;AFR_AF=0.3419;EUR_AF=0.505;SAS_AF=0.6176;AA=T|||;VT=SNP,GT,0|1,0|0,1|1,0|0,0|1,0|0,1|1,0|0,1|0,0|0,1|1,1|1,1|1,1|1,1|1,0|1,1|1,0|1,0|0,1|1,1|1,1|1,1|0,1|1,1|0,1|0,1|1,0|0,0|1,1|0,1|0,1|0,0|1,0|1,0|0,0|1,1|1,0|1,1|1,0|0,0|1,1|1,0|1,0|0,0|1,1|1,1|1,0|1,0|1,0|1,1|0,0|0,1|1,0|1,1|0,1|0,0|0,1|1,1|0,0|1,0|1,0|0,1|0,1|0,1|1,0|1,1|1,0|1,1|0,1|0,1|1,1|0,1|1,1|0,0|0,0|1,1|1,1|1,1|1,1|0,1|1
22,21696939,rs543267146,G,A,100,PASS,AC=1494;AF=0.298323;AN=5008;NS=2504;DP=17816;EAS_AF=0.1171;AMR_AF=0.3156;AFR_AF=0.5522;EUR_AF=0.2247;SAS_AF=0.2055;AA=.|||;VT=SNP,GT,0|0,0|0,1|1,1|0,0|0,1|0,0|0,0|0,0|0,1|0,1|0,0|1,0|0,1|0,1|0,0|0,0|0,0|0,0|0,1|0,0|0,0|0,0|0,0|1,0|0,0|0,0|0,1|0,0|0,0|0,1|0,0|0,0|1,1|0,1|0,0|0,1|0,0|0,0|0,0|0,1|0,1|1,0|0,0|0,1|1,0|0,0|0,1|0,0|0,0|0,0|0,1|0,1|0,0|1,0|0,0|0,0|0,0|1,1|0,0|0,0|1,0|0,0|0,1|0,0|0,0|0,0|1,0|0,0|1,0|1,0|0,1|1,0|0,0|0,1|1,0|0,0|0,0|1,1|1,0|1,0|0
22,22097006,rs13340063,G,A,100,PASS,AC=2131;AF=0.425519;AN=5008;NS=2504;DP=13450;EAS_AF=0.4702;AMR_AF=0.3199;AFR_AF=0.3994;EUR_AF=0.4394;SAS_AF=0.4755;AA=g|||;VT=SNP,GT,1|0,0|1,1|1,0|1,1|0,0|0,0|0,0|0,0|0,1|0,0|0,0|0,0|1,0|0,0|1,0|1,0|1,0|0,0|0,0|1,1|1,1|1,0|1,1|0,0|0,1|1,0|0,0|0,1|0,0|0,0|1,0|0,0|1,0|1,0|1,0|0,0|1,1|1,0|0,0|0,1|1,0|0,0|1,1|1,0|0,0|1,1|0,1|1,1|0,0|1,0|0,0|0,1|1,0|0,0|0,0|1,0|0,1|1,1|1,1|0,0|0,1|0,1|0,1|0,1|0,0|0,0|0,1|1,0|1,1|0,0|0,0|1,0|1,0|1,1|0,0|0,0|1,0|1,1|1,0|0,0|0
22,22497398,rs2213161,C,T,100,PASS,AC=1324;AF=0.264377;AN=5008;NS=2504;DP=15608;EAS_AF=0.2381;AMR_AF=0.3963;AFR_AF=0.1997;EUR_AF=0.2356;SAS_AF=0.3149;AA=C|||;VT=SNP,GT,0|1,1|0,1|0,1|0,0|0,0|0,1|0,1|1,1|1,0|0,0|0,0|0,0|0,0|0,0|0,1|1,0|0,0|0,0|1,0|0,0|0,0|0,0|0,1|0,0|0,0|0,1|1,0|0,0|0,1|0,0|0,0|1,0|0,1|1,0|1,0|0,1|1,0|1,1|0,0|0,0|0,0|1,1|1,0|0,0|0,0|1,0|0,0|1,1|0,0|0,1|0,0|0,0|0,0|0,0|1,1|1,0|0,0|1,0|1,1|0,0|0,0|0,0|1,0|0,0|0,0|1,0|0,1|0,0|1,0|0,0|1,0|0,0|0,0|0,1|1,0|0,0|0,0|0,0|0,0|0,0|0
22,22898599,rs8135024,T,A,100,PASS,AC=1138;AF=0.227236;AN=5008;NS=2504;DP=14645;EAS_AF=0.1558;AMR_AF=0.1873;AFR_AF=0.1104;EUR_AF=0.3091;SAS_AF=0.4029;AA=T|||;VT=SNP,GT,1|1,1|0,0|0,0|0,0|1,0|0,0|0,0|0,0|1,0|0,0|0,1|1,0|1,1|0,0|0,1|0,1|0,1|0,0|0,0|0,0|0,0|1,0|1,1|1,0|1,0|0,1|0,1|1,0|0,0|0,0|0,0|0,1|0,0|1,1|0,1|1,0|1,0|1,0|0,0|0,0|0,0|1,0|0,0|0,1|1,1|0,0|1,0|0,0|0,0|0,0|0,1|0,0|0,1|0,1|0,0|0,0|0,1|0,0|0,0|0,0|0,0|0,1|1,0|0,0|1,0|1,0|0,1|0,1|1,0|0,0|1,1|0,1|0,0|0,0|0,0|0,0|1,1|1,0|1,0|0,1|1
22,23299769,rs915613,G,A,100,PASS,AC=2014;AF=0.402157;AN=5008;NS=2504;DP=21444;EAS_AF=0.0347;AMR_AF=0.2622;AFR_AF=0.7315;EUR_AF=0.4284;SAS_AF=0.408;AA=a|||;VT=SNP,GT,0|0,1|1,1|0,1|1,0|0,1|0,1|1,1|0,0|0,0|0,0|0,1|0,0|0,0|1,1|0,1|1,0|0,0|1,0|0,0|0,1|0,0|0,1|1,1|1,0|1,0|0,1|0,1|1,0|1,0|1,0|0,1|0,0|1,0|1,0|0,1|0,1|0,1|1,1|0,0|0,0|1,0|1,1|1,1|1,0|0,0|0,1|0,1|0,0|0,0|0,1|0,0|1,1|0,0|0,0|1,0|0,0|0,0|1,1|0,0|0,1|1,1|1,1|0,0|1,0|1,0|0,0|1,0|0,0|0,0|1,0|1,0|1,0|1,1|1,1|0,1|0,0|1,1|0,0|0,1|1,0|0
22,23700247,rs5996522,A,G,100,PASS,AC=2213;AF=0.441893;AN=5008;NS=2504;DP=19420;EAS_AF=0.0665;AMR_AF=0.4352;AFR_AF=0.497;EUR_AF=0.6799;SAS_AF=0.5143;AA=.|||;VT=SNP,GT,0|0,1|1,1|1,1|1,0|0,1|0,1|1,1|1,1|1,1|0,1|0,1|1,1|1,1|1,1|1,1|1,1|0,0|1,0|0,0|1,1|1,0|1,1|1,1|1,0|1,0|0,0|1,1|1,1|1,1|0,1|0,1|1,1|0,1|1,1|0,1|1,0|1,1|0,1|0,0|1,1|0,1|1,0|1,1|0,0|0,1|1,0|0,1|1,1|0,0|1,1|1,0|1,1|1,0|0,1|1,1|0,1|0,0|0,1|0,1|1,0|1,1|1,0|1,0|1,1|0,1|1,1|1,0|0,1|1,1|1,1|1,0|1,0|1,1|0,1|1,0|1,1|0,0|0,1|1,1|1,1|1
22,24100302,rs5760000,A,G,100,PASS,AC=2971;AF=0.593251;AN=5008;NS=2504;DP=16567;EAS_AF=0.8006;AMR_AF=0.3948;AFR_AF=0.6286;EUR_AF=0.4394;SAS_AF=0.6309;AA=G|||;VT=SNP,GT,0|0,0|1,1|0,0|0,0|0,1|0,0|0,0|1,1|0,0|1,1|0,1|0,0|0,0|1,1|0,1|1,0|1,0|1,0|0,0|1,0|0,1|1,1|0,1|0,0|1,0|0,0|1,1|1,1|0,0|1,1|1,1|1,0|0,0|1,0|0,1|0,1|0,0|1,1|1,0|0,0|0,0|1,1|1,1|0,0|1,0|0,0|1,1|1,0|1,0|0,0|0,0|0,1|0,1|1,0|1,0|0,0|0,0|1,1|1,0|1,1|1,1|1,0|0,0|0,0|0,0|0,0|0,0|1,0|0,0|1,0|0,0|0,1|0,0|1,0|0,0|1,1|1,1|1,0|0,0|1,0|0
22,24548785,rs140320,T,C,100,PASS,AC=2258;AF=0.450879;AN=5008;NS=2504;DP=18185;EAS_AF=0.5417;AMR_AF=0.4294;AFR_AF=0.5537;EUR_AF=0.3857;SAS_AF=0.3006;AA=C|||;VT=SNP,GT,0|0,0|0,1|1,0|0,1|0,1|1,0|0,1|0,1|1,0|0,0|1,1|0,1|0,1|1,1|0,0|0,1|1,0|1,1|0,1|0,1|0,0|0,0|0,0|1,1|1,0|1,0|1,1|0,0|1,0|1,0|1,1|0,0|0,0|0,1|0,1|0,0|0,0|0,0|0,0|0,0|0,1|0,1|0,1|0,1|0,1|0,0|0,1|0,0|0,1|0,0|1,1|0,0|0,0|0,0|0,1|0,0|0,1|0,0|0,1|0,0|1,0|1,0|1,0|1,0|1,0|1,1|1,0|0,0|1,0|1,0|1,0|0,0|1,1|0,0|0,1|0,0|1,0|0,0|0,0|1,1|0
22,24959200,rs185493679,G,A,100,PASS,AC=2325;AF=0.464257;AN=5008;NS=2504;DP=16407;EAS_AF=0.5833;AMR_AF=0.5389;AFR_AF=0.3593;EUR_AF=0.503;SAS_AF=0.3906;AA=G|||;VT=SNP,GT,1|1,0|1,0|1,1|0,1|0,0|1,0|0,0|0,0|0,1|0,1|1,1|0,0|0,1|0,0|1,0|0,0|0,1|0,1|1,0|1,0|1,1|0,0|1,1|0,0|0,0|1,0|1,1|1,1|1,1|0,0|1,0|1,0|0,1|0,0|0,1|0,1|1,0|1,1|0,1|1,0|1,1|1,1|0,1|1,0|0,0|0,1|0,1|0,1|1,0|0,0|1,1|0,0|1,1|1,1|0,0|1,1|0,1|1,1|1,0|0,1|1,1|0,1|1,1|0,0|1,1|1,1|0,1|0,0|0,1|0,1|0,1|0,0|1,1|0,0|1,0|0,0|1,1|0,1|0,1|1,0|0
22,25360670,rs5760761,C,G,100,PASS,AC=2959;AF=0.590855;AN=5008;NS=2504;DP=19434;EAS_AF=0.7718;AMR_AF=0.3934;AFR_AF=0.7564;EUR_AF=0.2783;SAS_AF=0.6421;AA=t|||;VT=SNP,GT,0|0,0|1,0|0,0|1,1|1,0|0,0|0,0|1,0|0,0|0,0|0,0|0,0|0,1|0,0|0,0|1,0|1,1|0,0|0,0|0,1|0,0|0,1|0,0|0,0|0,1|0,0|1,0|1,1|0,1|1,1|0,0|0,0|1,0|0,0|0,0|0,0|0,1|1,0|0,0|1,1|0,1|0,0|0,1|0,0|0,1|0,0|0,0|1,0|0,0|1,0|0,1|0,1|0,1|0,0|0,1|0,0|0,0|1,1|0,1|1,0|0,0|0,0|0,1|0,1|0,1|0,0|0,0|1,1|0,0|0,0|0,0|0,0|1,0|0,0|1,0|1,1|0,1|1,0|0,1|0,1|1
22,25761936,rs713847,C,T,100,PASS,AC=4210;AF=0.840655;AN=5008;NS=2504;DP=18489;EAS_AF=0.871;AMR_AF=0.7349;AFR_AF=0.9486;EUR_AF=0.7087;SAS_AF=0.8742;AA=T|||;VT=SNP,GT,1|1,1|0,0|0,0|1,1|1,1|1,0|0,1|1,1|1,1|1,0|1,0|1,0|0,1|0,1|1,0|1,1|1,0|1,1|1,0|0,0|1,1|0,1|1,0|1,1|1,1|1,1|1,1|1,0|1,1|1,1|1,1|0,0|1,1|0,1|1,0|1,1|0,0|1,1|1,1|1,1|0,1|1,1|1,0|1,0|0,1|1,0|0,1|1,0|1,1|0,1|1,0|1,0|1,1|1,1|1,1|1,1|1,0|1,1|1,1|1,1|1,1|0,1|1,1|1,1|1,1|1,1|1,1|0,0|1,1|1,0|1,1|1,1|1,1|1,1|0,1|1,1|1,0|1,0|0,0|0,0|1
22,26162902,rs4820654,A,G,100,PASS,AC=2475;AF=0.494209;AN=5008;NS=2504;DP=20643;EAS_AF=0.506;AMR_AF=0.4395;AFR_AF=0.8026;EUR_AF=0.3579;SAS_AF=0.2444;AA=g|||;VT=SNP,GT,1|1,0|1,1|0,1|1,0|0,0|1,1|0,0|0,1|0,0|1,1|1,1|1,0|0,0|0,0|0,0|1,1|0,0|1,1|0,0|1,1|0,0|0,0|0,1|0,0|1,0|1,0|0,0|1,1|0,0|0,0|1,1|0,0|0,0|0,0|0,0|0,1|1,0|0,0|0,1|1,0|1,0|0,0|0,0|0,1|1,0|0,1|0,0|0,0|1,0|1,1|0,0|0,0|0,1|1,1|0,1|0,0|0,0|1,1|0,0|1,0|0,1|0,1|0,1|1,0|0,0|1,1|1,1|1,1|0,1|0,1|0,0|0,0|1,0|0,0|0,0|1,0|1,1|0,0|0,1|0,0|1
22,26573043,rs134758,G,T,100,PASS,AC=3267;AF=0.652356;AN=5008;NS=2504;DP=19339;EAS_AF=0.3323;AMR_AF=0.6196;AFR_AF=0.9599;EUR_AF=0.6292;SAS_AF=0.6135;AA=T|||;VT=SNP,GT,1|1,0|1,1|1,0|1,1|0,0|1,1|1,0|1,0|1,1|1,0|1,0|1,1|0,0|0,1|1,0|0,0|0,1|1,0|1,0|1,0|0,1|1,1|0,1|0,1|1,1|1,0|0,0|1,1|1,1|1,0|1,0|0,1|0,1|0,1|1,0|0,1|1,0|0,0|1,1|1,1|0,1|1,1|1,0|0,1|1,1|0,0|0,1|1,1|1,0|0,0|1,1|1,1|0,1|0,1|1,0|1,1|0,0|0,1|0,1|1,0|1,0|1,1|1,1|1,0|0,0|1,0|1,1|1,0|1,1|1,1|1,0|1,1|1,0|1,0|1,1|1,1|0,0|0,1|1,0|1,1|1
22,26976369,rs7290312,C,T,100,PASS,AC=1732;AF=0.345847;AN=5008;NS=2504;DP=14986;EAS_AF=0.3492;AMR_AF=0.4928;AFR_AF=0.1853;EUR_AF=0.3738;SAS_AF=0.4264;AA=C|||;VT=SNP,GT,0|0,1|0,0|1,0|1,0|1,0|1,0|0,0|0,0|0,1|0,1|0,0|1,1|0,0|1,0|0,1|1,0|0,1|0,0|0,0|0,0|1,1|0,1|0,0|1,0|0,1|1,0|0,0|0,1|0,1|0,1|0,1|0,1|0,0|1,1|1,0|1,1|0,0|1,0|0,0|0,0|0,0|1,0|0,0|0,0|0,1|1,0|1,1|1,0|0,1|1,1|1,0|1,1|0,0|0,1|0,0|0,0|1,0|0,1|0,0|0,0|1,0|1,0|1,0|0,0|1,1|0,0|1,0|0,1|0,0|0,0|0,0|0,0|1,0|0,1|1,1|0,0|1,1|1,0|0,1|1,0|1
22,27376961,rs5761889,A,G,100,PASS,AC=2485;AF=0.496206;AN=5008;NS=2504;DP=23893;EAS_AF=0.2381;AMR_AF=0.4784;AFR_AF=0.7912;EUR_AF=0.4125;SAS_AF=0.4622;AA=G|||;VT=SNP,GT,0|1,1|1,0|0,1|0,1|0,1|0,1|0,0|1,0|0,1|0,1|0,0|0,1|0,0|1,0|0,1|1,0|1,0|0,0|0,0|0,0|0,0|1,1|0,0|0,1|0,0|1,1|1,0|0,0|0,1|0,1|0,1|1,1|1,1|1,0|0,0|0,0|0,0|0,0|0,0|1,0|0,1|0,0|0,0|0,1|1,0|0,0|0,1|0,0|1,1|0,0|1,0|1,0|0,0|1,1|1,0|0,0|1,0|0,1|0,1|0,0|0,0|0,0|1,0|0,1|0,1|0,1|1,1|1,1|1,0|1,1|1,1|0,0|1,0|1,0|1,1|0,0|0,0|1,0|0,0|1,0|1
22,27777944,rs9613441,A,T,100,PASS,AC=654;AF=0.130591;AN=5008;NS=2504;DP=18660;EAS_AF=0.0387;AMR_AF=0.1542;AFR_AF=0.0212;EUR_AF=0.2545;SAS_AF=0.229;AA=A|||;VT=SNP,GT,0|1,0|0,1|0,1|1,0|1,0|0,0|1,0|1,0|1,1|0,0|0,0|1,0|0,1|0,0|0,0|0,0|0,0|0,0|1,0|0,0|0,1|0,0|0,0|0,1|1,1|0,1|0,1|0,1|0,0|0,1|0,0|0,0|1,0|1,1|1,0|1,1|0,1|0,0|0,1|0,0|0,1|1,0|0,1|0,0|1,0|1,0|0,1|0,0|0,1|0,0|0,0|0,0|0,0|0,0|0,1|0,0|0,0|1,1|1,0|0,0|0,0|0,0|0,0|0,1|0,0|0,0|0,1|0,0|0,0|0,0|0,0|0,0|0,0|0,0|0,0|0,0|0,0|0,0|1,1|1,0|0
22,28179823,rs1297595,T,C,100,PASS,AC=3957;AF=0.790136;AN=5008;NS=2504;DP=19028;EAS_AF=0.7341;AMR_AF=0.7421;AFR_AF=0.944;EUR_AF=0.7823;SAS_AF=0.682;AA=C|||;VT=SNP,GT,1|1,1|1,1|1,1|0,1|0,1|1,1|1,1|1,1|1,0|0,1|1,0|1,1|1,1|1,1|1,0|1,0|1,1|1,1|1,1|1,0|1,1|1,1|1,1|1,1|1,1|1,1|1,1|1,1|0,1|1,1|0,1|0,1|1,0|0,1|1,0|1,0|1,0|1,1|1,0|1,0|1,0|1,0|0,0|1,0|1,0|1,1|1,1|1,1|1,0|0,1|1,1|1,0|1,1|1,1|0,1|1,1|1,1|1,1|0,1|1,1|0,1|0,0|1,0|1,1|1,1|1,1|1,1|1,0|0,1|1,1|1,1|0,0|1,0|1,1|1,1|0,1|1,0|0,1|1,1|1,1|0
22,28583738,rs7284814,C,T,100,PASS,AC=1128;AF=0.22524;AN=5008;NS=2504;DP=20753;EAS_AF=0.2302;AMR_AF=0.2003;AFR_AF=0.2648;EUR_AF=0.2634;SAS_AF=0.1452;AA=C|||;VT=SNP,GT,0|0,0|1,0|0,0|0,1|0,0|0,0|0,0|0,1|0,0|0,0|0,1|1,0|0,0|1,0|0,0|1,1|1,0|1,1|1,0|0,1|0,0|1,0|0,1|0,0|1,0|1,0|0,0|1,1|1,0|1,1|1,0|0,0|0,0|0,1|0,0|0,0|1,1|0,0|0,0|0,0|0,0|0,1|0,0|1,0|0,1|1,1|0,0|0,1|1,1|0,0|0,0|1,0|1,0|0,0|0,1|0,0|1,0|0,0|1,0|1,1|0,0|0,0|1,0|1,1|0,0|0,1|0,0|0,1|0,0|1,0|1,0|0,0|0,0|0,1|1,1|0,0|0,0|0,1|0,1|0,0|0
22,28984447,rs1125250,G,T,100,PASS,AC=1157;AF=0.23103;AN=5008;NS=2504;DP=15405;EAS_AF=0.2202;AMR_AF=0.2147;AFR_AF=0.2837;EUR_AF=0.2624;SAS_AF=0.1503;AA=G|||;VT=SNP,GT,0|0,0|1,0|0,0|0,1|0,0|0,0|0,0|0,1|0,0|0,0|0,1|1,0|0,0|1,0|0,0|1,1|1,0|1,1|1,0|0,1|0,0|1,0|0,1|0,0|1,0|1,0|0,0|1,1|1,0|1,1|1,0|0,0|0,0|0,1|0,0|0,0|1,1|0,0|0,0|0,0|0,0|0,1|0,0|1,0|0,1|1,1|0,0|0,1|1,1|0,0|0,0|1,0|1,0|0,0|0,1|0,0|0,0|0,0|1,0|1,1|0,0|0,0|1,0|0,1|0,0|0,1|0,0|0,1|0,0|1,0|1,0|0,0|0,0|0,1|1,1|0,0|0,0|0,1|0,1|0,0|0
22,29390049,rs5762942,A,G,100,PASS,AC=2608;AF=0.520767;AN=5008;NS=2504;DP=16430;EAS_AF=0.503;AMR_AF=0.6023;AFR_AF=0.4365;EUR_AF=0.5557;SAS_AF=0.5593;AA=A|||;VT=SNP,GT,1|0,0|0,1|1,1|1,1|1,0|1,0|0,0|1,1|1,0|0,0|1,1|1,1|1,0|1,0|1,0|1,1|1,1|1,0|1,0|0,1|1,1|1,1|0,1|0,0|1,1|1,1|1,1|0,1|0,1|1,0|1,0|1,0|0,1|0,1|1,1|1,0|0,1|0,1|1,0|0,1|1,0|1,1|1,0|1,0|1,1|1,1|1,1|0,1|0,0|0,0|1,1|1,0|1,0|0,0|1,0|0,1|1,0|0,1|0,0|1,1|1,0|1,0|0,1|1,1|1,0|1,1|1,1|1,1|0,1|1,0|1,1|0,1|0,1|0,1|1,1|0,1|0,0|1,1|0,1|0,0|0
22,29791234,rs174775,A,G,100,PASS,AC=3504;AF=0.699681;AN=5008;NS=2504;DP=19369;EAS_AF=0.748;AMR_AF=0.4654;AFR_AF=0.969;EUR_AF=0.5835;SAS_AF=0.5716;AA=G|||;VT=SNP,GT,1|1,1|1,1|0,1|1,1|1,1|0,0|0,1|1,1|0,1|0,0|1,1|1,0|1,1|1,0|1,0|1,1|1,1|0,1|1,0|1,1|0,0|0,1|0,0|0,1|0,1|1,0|1,0|0,1|1,1|0,1|0,1|0,1|1,1|0,1|1,0|1,0|0,1|0,0|1,1|0,1|1,1|0,1|0,0|0,1|1,0|0,1|1,1|1,1|1,0|1,0|0,1|0,1|1,0|1,1|1,0|0,1|1,1|0,0|0,0|1,0|1,1|1,0|1,1|0,0|1,0|1,0|1,1|0,1|1,1|1,1|1,1|1,0|1,1|1,1|1,1|1,1|0,1|1,0|1,1|1,1|0
22,30198490,rs9608815,A,T,100,PASS,AC=1276;AF=0.254792;AN=5008;NS=2504;DP=15454;EAS_AF=0.4425;AMR_AF=0.2262;AFR_AF=0.1014;EUR_AF=0.4056;SAS_AF=0.1339;AA=A|||;VT=SNP,GT,1|1,0|0,0|1,0|0,1|1,0|1,0|1,0|0,1|1,0|1,1|0,0|0,0|1,1|0,1|1,1|1,1|0,1|0,1|1,0|0,0|1,0|1,0|0,1|0,0|0,0|0,1|0,0|1,0|0,1|1,1|1,1|1,1|1,0|1,0|1,0|1,1|0,0|1,1|1,0|1,0|1,0|1,0|1,1|0,1|0,0|0,0|0,0|1,1|1,1|0,0|0,1|0,1|1,0|1,0|0,1|1,1|0,1|0,1|0,1|1,1|0,0|0,0|0,0|1,1|0,0|0,0|0,0|1,0|0,1|0,0|1,0|1,1|1,1|1,1|0,1|1,0|1,0|1,1|0,0|1,0|0
22,30601243,rs9614159,G,A,100,PASS,AC=1230;AF=0.245607;AN=5008;NS=2504;DP=16128;EAS_AF=0.1865;AMR_AF=0.3012;AFR_AF=0.0764;EUR_AF=0.4046;SAS_AF=0.3323;AA=G|||;VT=SNP,GT,1|0,0|0,0|1,0|1,0|0,1|0,0|1,0|1,0|0,1|0,0|1,0|0,1|0,1|0,1|0,0|0,0|1,1|0,0|1,0|0,1|1,0|0,1|1,0|1,0|1,1|0,0|0,1|0,0|0,0|1,0|0,0|0,0|0,0|1,1|0,1|1,0|1,1|0,0|0,0|0,1|1,0|1,1|1,0|0,1|0,0|0,0|1,1|0,0|0,0|0,1|0,0|0,0|0,0|0,0|1,1|0,0|0,1|1,0|0,0|1,0|0,0|0,0|1,1|1,0|1,0|0,0|1,0|0,0|1,0|1,1|0,1|0,1|0,0|1,0|1,0|0,1|0,1|1,0|1,0|0,1|1
22,31001822,rs5749131,A,G,100,PASS,AC=2733;AF=0.545727;AN=5008;NS=2504;DP=22640;EAS_AF=0.2619;AMR_AF=0.5432;AFR_AF=0.8472;EUR_AF=0.5845;SAS_AF=0.3926;AA=G|||;VT=SNP,GT,1|1,1|0,0|1,0|1,0|1,0|0,0|1,0|1,0|1,0|0,0|1,1|1,1|0,1|1,1|1,0|0,0|1,1|0,1|1,0|0,1|1,0|1,1|0,1|0,1|1,1|1,0|0,1|1,0|1,0|1,0|1,0|0,0|0,1|1,1|0,1|1,0|0,1|0,1|0,1|1,0|1,0|1,0|1,1|1,0|1,1|0,0|1,1|0,1|1,1|1,1|1,0|1,1|1,1|0,1|1,1|0,1|1,1|0,1|1,0|1,0|1,0|1,0|1,1|1,0|1,1|1,0|0,0|1,0|0,1|1,0|0,1|1,1|0,1|1,0|1,0|1,0|0,1|1,0|0,1|0,1|1
22,31403030,rs2108477,C,T,100,PASS,AC=2666;AF=0.532348;AN=5008;NS=2504;DP=13365;EAS_AF=0.3194;AMR_AF=0.647;AFR_AF=0.4062;EUR_AF=0.6829;SAS_AF=0.6861;AA=C|||;VT=SNP,GT,0|1,1|0,1|1,0|1,1|1,0|1,1|0,0|0,0|1,0|1,0|1,1|1,1|0,1|1,1|1,1|1,1|1,1|1,1|1,0|1,1|1,0|1,1|1,1|1,0|1,1|1,1|0,1|0,1|1,1|1,1|1,1|1,0|0,1|1,1|0,0|0,1|0,1|1,1|1,1|1,1|1,1|1,1|1,1|1,1|1,1|1,1|1,0|0,1|1,0|1,1|0,1|1,1|0,1|1,0|0,1|1,1|1,0|1,1|1,1|1,1|1,1|0,0|1,1|0,1|1,0|1,0|1,0|0,1|1,0|0,1|1,1|1,0|0,1|0,1|1,1|1,1|1,1|1,1|0,0|0,1|1
22,31807375,rs1001599,G,A,100,PASS,AC=1530;AF=0.305511;AN=5008;NS=2504;DP=19322;EAS_AF=0.5526;AMR_AF=0.3905;AFR_AF=0.146;EUR_AF=0.2972;SAS_AF=0.2147;AA=A|||;VT=SNP,GT,0|0,1|0,0|1,0|0,1|0,1|1,1|1,1|0,0|1,0|1,0|0,1|1,0|0,0|0,1|0,0|1,0|0,0|0,0|0,0|0,0|0,0|0,0|0,0|0,0|0,0|0,0|0,0|0,0|1,0|1,0|1,0|0,0|0,0|1,0|0,0|1,0|0,0|1,0|1,1|0,0|0,0|0,1|1,0|1,0|0,0|1,1|0,0|1,0|0,0|1,1|0,1|0,0|1,1|1,0|1,0|1,0|0,0|1,0|0,0|0,1|0,0|0,0|1,0|0,0|0,1|1,0|1,0|0,0|0,0|1,0|1,0|0,1|1,0|0,0|0,0|0,1|0,0|0,0|0,0|1,0|1
22,32211412,rs5749334,A,C,100,PASS,AC=3335;AF=0.665935;AN=5008;NS=2504;DP=12523;EAS_AF=0.6726;AMR_AF=0.7147;AFR_AF=0.826;EUR_AF=0.5139;SAS_AF=0.5644;AA=C|||;VT=SNP,GT,0|0,1|1,0|1,1|0,1|0,0|1,1|1,0|1,0|1,0|1,0|0,1|0,0|0,0|1,1|0,1|1,1|0,0|0,0|1,1|0,0|1,1|0,1|0,0|0,0|1,0|0,0|1,0|0,0|1,0|0,0|1,0|0,1|1,1|1,0|0,0|1,1|0,0|1,0|1,1|1,1|0,0|0,1|1,1|1,0|0,1|1,1|1,1|1,0|1,1|1,0|0,1|0,1|1,1|1,0|1,0|1,0|0,0|1,0|0,0|1,1|1,1|0,1|1,0|0,0|0,1|1,1|1,1|0,0|1,0|1,1|1,0|0,1|1,1|0,0|1,1|0,1|0,1|0,1|1,1|0,0|1
22,32615547,rs2142558,G,A,100,PASS,AC=2433;AF=0.485823;AN=5008;NS=2504;DP=13325;EAS_AF=0.1597;AMR_AF=0.366;AFR_AF=0.8548;EUR_AF=0.4722;SAS_AF=0.4223;AA=a|||;VT=SNP,GT,1|1,0|0,1|1,0|0,1|0,1|1,0|0,0|1,1|1,0|1,0|0,0|0,0|0,0|0,1|1,1|1,0|0,0|1,0|1,0|0,0|1,0|0,1|0,0|1,0|0,0|1,0|0,0|0,0|0,1|1,1|1,1|1,0|1,0|0,1|0,0|0,1|0,0|0,0|1,1|0,0|1,0|1,1|0,0|1,0|0,1|0,1|1,1|1,0|0,0|1,0|1,1|0,0|1,1|1,0|1,0|1,1|1,1|1,0|1,1|1,1|1,0|0,1|1,1|0,0|0,1|1,0|1,1|0,1|0,1|1,1|1,1|1,1|1,0|1,0|0,1|1,1|0,0|0,1|1,1|0,0|0
22,33017869,rs9609603,T,C,100,PASS,AC=2288;AF=0.456869;AN=5008;NS=2504;DP=18237;EAS_AF=0.2629;AMR_AF=0.2493;AFR_AF=0.6846;EUR_AF=0.3787;SAS_AF=0.5767;AA=C|||;VT=SNP,GT,1|0,1|0,1|0,0|0,1|1,0|1,0|1,0|0,1|1,1|0,0|1,0|1,1|1,1|0,0|0,0|1,0|0,1|0,1|0,1|1,1|1,1|1,0|0,0|1,0|0,0|0,0|0,0|0,0|0,1|0,1|0,0|0,1|0,0|0,1|1,0|1,1|0,0|1,0|0,1|0,0|1,0|0,0|0,0|0,0|1,0|0,1|0,1|0,1|0,0|0,0|0,0|1,1|0,0|1,0|1,1|1,0|0,1|0,0|0,0|0,0|0,0|0,1|0,1|0,0|0,1|0,0|0,1|0,0|0,0|0,0|0,1|0,1|0,1|0,0|0,0|1,0|0,1|1,0|1,1|1,0|0
22,33418564,rs470011,G,A,100,PASS,AC=3049;AF=0.608826;AN=5008;NS=2504;DP=20071;EAS_AF=0.3333;AMR_AF=0.611;AFR_AF=0.8094;EUR_AF=0.7167;SAS_AF=0.5092;AA=A|||;VT=SNP,GT,1|1,1|1,1|0,1|0,1|1,1|1,1|1,1|0,1|1,0|0,1|1,1|1,1|0,1|0,1|1,1|1,0|1,0|0,0|0,1|1,1|1,1|1,0|1,0|0,1|0,1|1,0|1,1|1,1|0,0|1,0|0,0|1,1|1,1|0,1|1,1|1,1|1,1|0,1|1,1|1,1|0,0|0,1|1,0|1,1|1,0|1,1|1,1|1,1|1,1|1,1|0,1|1,1|0,1|1,0|1,1|1,1|1,0|1,1|1,0|0,1|1,1|1,0|1,1|1,1|1,0|0,0|1,1|0,1|1,0|1,1|1,1|1,0|1,0|0,1|1,1|1,0|0,1|1,0|0,1|1,1|0
22,33819438,rs9609788,G,A,100,PASS,AC=1668;AF=0.333067;AN=5008;NS=2504;DP=10675;EAS_AF=0.2143;AMR_AF=0.5259;AFR_AF=0.295;EUR_AF=0.3996;SAS_AF=0.3016;AA=G|||;VT=SNP,GT,1|0,0|1,0|1,0|1,1|0,0|0,1|0,0|0,0|0,0|0,0|0,1|1,0|0,0|0,1|1,1|1,1|0,0|1,1|0,1|0,0|1,1|0,1|0,0|0,1|0,1|0,1|0,0|1,0|1,0|0,0|0,1|1,1|0,0|1,1|0,0|0,0|0,1|1,0|1,1|1,1|0,0|1,1|1,1|0,0|0,1|0,1|0,0|1,0|1,0|0,1|0,0|0,1|0,0|1,1|1,1|0,1|0,1|0,0|1,0|0,0|1,0|0,1|0,1|1,0|1,0|0,0|0,1|0,0|0,1|0,0|1,1|0,0|1,0|0,0|1,0|0,0|1,1|1,0|1,0|0,1|1
22,34219506,rs7289200,G,C,100,PASS,AC=3100;AF=0.61901;AN=5008;NS=2504;DP=23083;EAS_AF=0.5784;AMR_AF=0.33;AFR_AF=0.8533;EUR_AF=0.499;SAS_AF=0.6728;AA=G|||;VT=SNP,GT,0|1,1|0,1|1,0|0,1|0,0|0,1|0,0|0,0|1,1|0,1|0,0|1,1|0,0|1,1|1,1|1,1|1,0|0,0|0,0|1,1|1,0|0,0|0,1|1,1|0,0|1,1|1,1|1,1|1,0|1,1|0,0|1,0|0,1|1,0|1,1|0,1|1,1|1,1|1,1|1,0|0,1|1,0|1,1|0,1|1,1|0,0|1,1|1,0|0,0|0,1|0,1|1,1|0,0|0,1|0,0|0,0|1,1|0,0|1,1|0,1|1,1|0,1|1,0|1,0|1,0|1,1|1,0|0,1|0,0|1,1|0,0|0,0|1,1|0,1|1,1|1,0|1,0|0,1|1,0|1,0|0
22,34619937,rs5754897,C,T,100,PASS,AC=4156;AF=0.829872;AN=5008;NS=2504;DP=19896;EAS_AF=0.9911;AMR_AF=0.8703;AFR_AF=0.6838;EUR_AF=0.7396;SAS_AF=0.9254;AA=T|||;VT=SNP,GT,1|0,0|1,1|1,0|0,1|1,1|1,0|0,1|1,1|1,0|1,1|1,0|1,1|1,1|1,0|1,0|0,1|1,0|0,0|1,1|0,1|1,1|0,1|0,1|1,1|1,1|0,1|1,1|1,1|1,1|0,1|1,1|1,1|0,0|1,1|1,0|0,1|0,1|1,1|0,0|1,1|1,0|1,1|1,0|1,0|0,1|1,1|1,1|1,1|0,0|1,1|0,1|1,1|1,0|1,1|0,1|1,0|0,1|1,1|1,0|1,0|0,0|1,1|0,1|0,1|1,1|1,0|1,0|0,1|0,1|0,1|0,1|1,1|1,0|0,1|1,1|0,0|1,1|0,0|0,0|1,1|1
22,35074887,rs61181442,A,G,100,PASS,AC=2707;AF=0.540535;AN=5008;NS=2504;DP=20887;EAS_AF=0.4851;AMR_AF=0.6383;AFR_AF=0.525;EUR_AF=0.6024;SAS_AF=0.4857;AA=A|||;VT=SNP,GT,0|1,0|1,1|1,1|1,1|0,0|1,1|1,1|1,1|1,1|0,0|1,1|1,0|0,1|0,1|0,0|1,1|1,1|1,1|1,1|1,0|1,1|0,0|0,0|1,1|0,1|1,0|1,0|0,1|1,0|0,1|1,1|1,1|1,1|0,0|1,1|0,1|0,0|1,1|0,1|0,1|0,0|1,1|0,1|1,1|1,0|1,0|1,1|1,0|0,1|0,1|1,1|0,0|1,1|1,0|1,0|1,0|1,0|0,0|1,1|0,1|1,1|0,1|1,1|1,0|1,0|0,1|1,1|0,1|1,0|1,0|1,1|0,0|0,1|1,1|0,1|1,1|1,1|1,1|1,1|1,1|1
22,35475635,rs9619513,C,T,100,PASS,AC=1156;AF=0.230831;AN=5008;NS=2504;DP=19865;EAS_AF=0.1448;AMR_AF=0.4222;AFR_AF=0.115;EUR_AF=0.4205;SAS_AF=0.1452;AA=C|||;VT=SNP,GT,1|0,1|0,0|0,1|1,0|1,1|0,0|0,0|0,0|0,0|0,0|1,0|0,0|1,1|1,1|1,0|0,1|0,0|1,0|1,1|0,1|1,0|0,0|1,0|0,1|0,0|1,1|1,0|0,0|0,0|0,1|1,1|0,1|0,1|1,0|1,1|1,1|0,1|0,0|0,0|0,0|1,1|1,0|1,0|0,0|0,0|0,0|1,1|1,1|0,0|0,1|0,0|1,1|0,0|0,1|0,0|0,0|0,1|0,1|0,1|1,0|1,0|1,0|0,0|0,0|1,0|0,0|0,0|1,0|0,1|1,1|0,0|0,0|1,0|0,0|1,1|0,0|0,1|1,0|1,0|1,0|1
22,35879258,rs28711179,A,C,100,PASS,AC=1468;AF=0.293131;AN=5008;NS=2504;DP=17167;EAS_AF=0.0466;AMR_AF=0.2176;AFR_AF=0.6112;EUR_AF=0.2962;SAS_AF=0.1677;AA=A|||;VT=SNP,GT,1|0,0|0,1|0,0|0,0|0,1|0,0|1,0|1,0|1,0|1,0|0,0|0,1|0,0|1,1|0,0|0,0|0,0|0,0|1,0|1,1|0,1|1,0|0,1|0,0|0,0|0,0|1,0|0,0|0,0|0,0|0,0|1,0|0,1|1,1|0,1|1,1|1,1|0,0|1,0|0,0|0,0|0,0|0,0|0,0|1,0|0,1|0,1|1,0|1,0|0,1|0,0|0,0|0,0|1,0|1,1|1,1|0,1|0,1|0,1|0,0|0,0|1,0|0,0|0,1|0,0|1,1|0,0|0,0|0,1|0,1|0,1|0,0|0,0|1,0|1,0|0,0|1,0|0,0|0,0|0,0|0
22,36288320,rs6000026,G,A,100,PASS,AC=3641;AF=0.727037;AN=5008;NS=2504;DP=19603;EAS_AF=0.496;AMR_AF=0.6182;AFR_AF=0.9803;EUR_AF=0.7495;SAS_AF=0.6769;AA=A|||;VT=SNP,GT,1|1,1|0,1|0,1|1,1|0,1|1,1|0,1|1,1|0,1|0,0|1,0|1,1|1,1|1,1|1,1|1,0|0,1|1,1|1,1|1,1|0,0|1,1|1,0|0,0|0,1|0,0|1,1|0,1|1,1|0,0|1,0|1,1|1,1|1,0|0,1|1,1|0,1|1,1|1,1|0,0|0,1|1,0|1,1|0,0|1,1|1,0|1,1|1,1|0,1|1,1|1,1|1,0|1,0|0,0|1,0|0,1|1,1|1,0|1,0|1,1|0,0|1,1|1,1|1,1|1,0|1,1|1,1|1,1|1,1|1,0|1,0|0,0|1,0|0,1|1,1|1,1|1,1|1,1|0,1|1,1|0
22,36690113,rs4821478,G,A,100,PASS,AC=2432;AF=0.485623;AN=5008;NS=2504;DP=18341;EAS_AF=0.2113;AMR_AF=0.6988;AFR_AF=0.5363;EUR_AF=0.662;SAS_AF=0.3671;AA=G|||;VT=SNP,GT,0|1,1|1,1|1,0|1,1|0,1|1,1|1,1|0,1|1,0|0,1|1,1|1,0|1,1|1,1|0,1|0,1|1,0|0,1|1,0|0,1|1,1|0,0|1,0|1,1|1,0|0,0|0,1|1,1|0,1|1,1|1,0|0,1|1,1|0,1|1,0|1,1|1,1|1,1|1,1|0,1|1,1|0,1|1,0|1,1|1,1|1,1|1,1|0,1|1,0|1,1|1,1|1,0|1,1|1,1|1,1|0,0|1,1|0,0|0,1|1,1|0,0|0,0|0,0|1,0|0,1|1,1|1,0|1,1|1,1|1,1|0,1|1,1|1,1|1,0|1,1|1,1|0,1|1,1|1,1|0,1|1
22,37090343,rs2284013,G,A,100,PASS,AC=1524;AF=0.304313;AN=5008;NS=2504;DP=19671;EAS_AF=0.2034;AMR_AF=0.3646;AFR_AF=0.4032;EUR_AF=0.2744;SAS_AF=0.2628;AA=G|||;VT=SNP,GT,1|1,0|0,0|1,0|0,0|0,0|1,0|0,0|1,1|0,1|1,0|0,0|0,0|0,1|0,1|1,0|1,1|1,0|0,0|0,0|0,1|0,0|0,1|0,0|0,1|0,0|1,0|0,0|0,0|0,0|0,0|0,0|0,0|0,1|0,0|1,0|1,0|0,0|0,1|0,1|0,1|0,0|1,0|1,1|0,0|0,1|0,0|1,1|0,0|0,1|0,0|0,0|0,1|1,0|0,1|0,0|0,0|0,1|0,0|1,0|0,1|0,0|0,1|0,0|0,0|0,0|1,0|0,0|1,0|1,0|1,0|0,0|0,0|0,0|0,0|0,1|1,0|0,0|0,0|0,0|1,0|1
22,37490396,rs2543513,A,G,100,PASS,AC=2058;AF=0.410942;AN=5008;NS=2504;DP=19244;EAS_AF=0.3988;AMR_AF=0.3473;AFR_AF=0.4531;EUR_AF=0.4533;SAS_AF=0.3681;AA=G|||;VT=SNP,GT,0|1,0|0,1|0,1|0,1|1,0|0,0|1,1|0,1|0,0|0,0|0,0|0,1|1,0|0,0|0,0|1,0|0,0|0,0|1,0|1,0|1,0|0,1|0,0|0,0|0,0|1,1|1,0|1,0|1,0|1,0|0,1|0,0|1,0|0,0|0,0|1,1|0,0|0,1|0,0|1,1|0,0|1,0|0,0|1,0|1,1|0,0|0,0|1,0|1,0|1,0|0,0|0,1|1,1|0,0|0,0|1,0|1,0|1,0|1,1|0,1|0,0|0,1|0,1|0,1|1,1|0,1|0,0|1,1|0,1|1,0|0,0|1,0|1,0|0,0|1,0|1,0|0,1|1,0|0,0|0,1|0
22,37902177,rs738304,T,C,100,PASS,AC=1451;AF=0.289736;AN=5008;NS=2504;DP=16547;EAS_AF=0.1458;AMR_AF=0.2118;AFR_AF=0.3767;EUR_AF=0.3201;SAS_AF=0.3446;AA=C|||;VT=SNP;EX_TARGET,GT,0|0,0|0,0|0,1|0,0|1,0|0,0|0,1|1,1|1,0|0,0|0,0|1,0|0,0|0,0|0,1|0,1|1,0|0,1|0,0|1,0|0,0|0,0|1,0|0,0|0,0|0,1|0,0|1,0|0,0|0,1|0,0|0,1|0,1|0,1|1,0|1,0|1,0|0,0|1,0|1,1|1,1|0,0|0,1|0,1|0,1|0,0|0,1|0,0|1,1|0,0|0,1|0,0|0,0|1,0|0,0|1,0|0,0|0,1|0,0|0,0|1,1|0,0|1,0|0,1|0,0|0,0|1,1|0,0|1,0|0,1|0,0|0,0|0,0|1,0|0,0|0,1|0,0|0,0|0,0|0,1|1
22,38303155,rs5750508,C,T,100,PASS,AC=1258;AF=0.251198;AN=5008;NS=2504;DP=16290;EAS_AF=0.5208;AMR_AF=0.1873;AFR_AF=0.0197;EUR_AF=0.2932;SAS_AF=0.2883;AA=C|||;VT=SNP,GT,0|0,0|0,1|0,1|1,0|0,1|1,1|0,0|0,1|1,0|0,0|0,0|1,0|0,0|0,1|1,0|0,0|0,1|0,1|0,1|0,0|0,1|0,1|1,0|0,1|1,0|1,0|1,0|1,1|0,0|0,0|0,1|0,0|1,0|0,1|0,0|1,1|0,1|1,0|0,1|0,1|1,1|0,1|1,0|1,1|0,1|1,0|0,0|0,0|0,0|0,0|0,1|0,0|0,0|0,1|0,0|0,0|1,1|1,0|0,0|0,0|0,0|1,1|0,0|1,0|0,0|0,0|1,0|0,0|0,1|0,1|0,0|1,1|1,0|0,1|0,0|0,0|1,0|0,0|1,1|0,0|0
22,38715222,rs1997644,G,A,100,PASS,AC=1861;AF=0.371605;AN=5008;NS=2504;DP=18127;EAS_AF=0.3621;AMR_AF=0.4323;AFR_AF=0.2231;EUR_AF=0.506;SAS_AF=0.4008;AA=G|||;VT=SNP,GT,1|1,1|0,1|0,1|0,0|1,1|0,0|1,0|0,0|0,1|0,0|0,0|1,1|0,1|1,1|0,1|0,1|1,1|0,1|1,1|0,0|1,0|0,0|0,0|1,1|0,0|1,0|0,0|0,0|1,0|0,1|1,1|0,0|1,0|0,0|1,0|0,0|1,1|1,0|1,1|0,0|0,0|1,0|0,1|1,1|0,0|1,1|1,0|1,1|0,1|0,0|0,1|1,1|0,1|0,0|0,1|0,0|0,1|1,0|1,0|0,1|0,0|0,0|0,0|0,0|0,0|0,1|0,0|1,0|1,0|0,1|0,0|1,1|1,1|0,1|1,0|0,1|0,1|0,1|1,1|1,1|1
22,39116795,rs470106,A,C,100,PASS,AC=1917;AF=0.382788;AN=5008;NS=2504;DP=21355;EAS_AF=0.4583;AMR_AF=0.2046;AFR_AF=0.5522;EUR_AF=0.2982;SAS_AF=0.2894;AA=C|||;VT=SNP,GT,1|0,0|0,0|0,0|0,0|0,1|0,0|0,0|1,0|1,1|0,1|1,0|0,0|0,0|0,0|1,0|0,0|0,0|0,0|0,0|0,0|0,0|0,0|1,0|0,0|0,0|1,0|0,0|0,0|1,0|0,0|0,0|0,0|0,0|0,0|1,0|0,0|0,1|0,1|1,1|1,1|0,0|0,1|0,1|0,1|0,0|1,1|0,1|0,0|0,0|1,0|0,0|0,1|0,0|0,0|1,0|1,0|0,0|0,0|0,0|0,0|0,0|1,0|1,1|0,1|1,0|1,1|0,1|1,1|0,1|0,0|0,0|0,1|0,1|1,0|1,0|0,1|0,0|0,1|0,0|0,0|1
22,39518013,rs139365,A,C,100,PASS,AC=2430;AF=0.485224;AN=5008;NS=2504;DP=11589;EAS_AF=0.3155;AMR_AF=0.3631;AFR_AF=0.6974;EUR_AF=0.4911;SAS_AF=0.454;AA=A|||;VT=SNP,GT,1|1,0|0,1|0,1|0,1|0,0|1,1|1,1|0,1|0,1|1,1|0,0|0,0|1,1|0,0|0,1|0,0|1,0|1,0|0,0|0,1|0,1|0,0|1,0|0,0|0,1|0,0|1,1|0,0|1,0|0,1|0,1|1,1|1,1|0,0|1,0|0,0|1,1|0,1|0,0|0,0|0,1|0,0|0,1|1,1|1,0|1,1|1,1|1,1|0,1|0,1|1,0|0,0|0,0|1,1|0,0|1,0|0,1|1,0|0,0|0,0|0,0|0,0|1,0|1,1|0,1|0,0|0,1|1,0|0,0|1,0|1,0|0,0|1,0|0,1|0,1|0,0|0,1|0,1|1,1|0,1|0
22,39919524,rs6519194,G,A,100,PASS,AC=846;AF=0.16893;AN=5008;NS=2504;DP=19284;EAS_AF=0.0585;AMR_AF=0.2176;AFR_AF=0.0772;EUR_AF=0.2674;SAS_AF=0.271;AA=G|||;VT=SNP,GT,0|0,1|0,0|1,0|0,1|0,0|0,0|0,0|0,1|0,0|0,0|0,0|1,0|0,1|0,0|0,0|0,0|0,1|0,0|1,0|0,0|0,0|0,1|0,1|1,1|0,0|0,0|1,0|1,0|0,0|0,0|0,1|0,1|1,0|0,0|0,0|0,0|1,1|0,0|0,0|0,1|1,1|0,1|1,1|0,0|0,0|0,0|0,1|0,1|0,1|0,0|1,0|1,0|0,0|0,1|0,1|1,1|0,0|1,0|0,0|1,0|0,0|0,1|0,0|0,0|0,1|1,0|1,1|1,0|0,1|0,0|0,0|0,0|0,0|0,0|1,0|1,0|1,0|0,1|0,0|0,1|0
22,40320361,rs137977,C,A,100,PASS,AC=3250;AF=0.648962;AN=5008;NS=2504;DP=19270;EAS_AF=0.751;AMR_AF=0.5014;AFR_AF=0.8268;EUR_AF=0.4016;SAS_AF=0.6626;AA=A|||;VT=SNP,GT,0|0,0|0,0|1,0|0,1|1,1|0,0|1,0|1,0|0,1|0,0|0,1|0,1|1,0|1,0|1,0|1,1|1,1|1,1|0,1|1,0|1,0|1,0|1,0|0,0|0,1|0,0|1,0|0,1|0,0|1,0|0,0|1,0|1,1|0,1|0,1|1,1|0,0|0,0|1,0|0,0|1,0|0,0|1,1|0,0|1,1|1,0|1,1|0,0|1,1|0,1|0,0|1,0|0,0|1,1|1,1|0,0|1,1|0,0|0,0|1,0|0,1|1,0|0,1|0,0|0,0|1,1|0,0|1,0|1,1|0,0|1,1|0,1|0,0|1,0|0,1|1,1|0,1|0,0|1,1|1,1|1
22,40720963,rs139915,C,T,100,PASS,AC=3447;AF=0.688299;AN=5008;NS=2504;DP=19474;EAS_AF=0.4147;AMR_AF=0.6686;AFR_AF=0.9584;EUR_AF=0.5507;SAS_AF=0.7607;AA=T|||;VT=SNP,GT,1|0,1|0,0|1,1|0,0|0,0|1,0|0,1|1,1|1,1|0,1|0,0|0,1|1,1|0,1|0,0|0,1|0,1|0,1|0,0|0,0|1,0|1,0|1,0|1,1|1,0|1,0|0,0|1,1|1,0|0,0|1,1|1,1|0,1|1,1|0,1|1,1|0,1|1,1|0,1|1,0|0,0|0,0|0,0|0,0|1,1|0,1|1,0|0,1|1,0|0,1|1,1|1,1|1,1|1,0|1,0|1,0|0,0|0,1|1,0|1,0|1,1|0,0|1,1|0,1|0,1|0,1|1,1|0,0|1,1|1,1|1,1|1,0|1,0|0,0|1,1|0,1|0,1|0,0|0,1|0,0|0
22,41123795,rs6002083,G,A,100,PASS,AC=3467;AF=0.692292;AN=5008;NS=2504;DP=19846;EAS_AF=0.3165;AMR_AF=0.8156;AFR_AF=0.8926;EUR_AF=0.6481;SAS_AF=0.7669;AA=A|||;VT=SNP,GT,0|0,0|0,1|1,0|1,0|1,1|1,0|1,1|0,1|1,1|0,1|1,1|0,1|0,1|1,1|0,1|1,1|1,1|0,1|1,1|1,1|0,1|1,1|1,1|1,1|1,0|1,0|0,1|1,1|1,1|0,0|1,0|0,0|1,0|0,1|0,1|0,1|1,0|1,1|1,1|1,1|0,1|1,1|0,1|1,0|1,0|1,0|1,1|0,1|1,0|0,1|1,1|1,1|1,0|1,1|0,1|1,0|0,1|1,1|0,0|1,0|1,1|0,1|1,1|0,1|0,1|1,0|1,0|1,1|1,1|1,1|1,0|1,0|1,1|0,1|1,1|1,1|1,1|1,1|1,1|1,0|0
22,41523937,rs738632,A,G,100,PASS,AC=2663;AF=0.531749;AN=5008;NS=2504;DP=22007;EAS_AF=0.5794;AMR_AF=0.7493;AFR_AF=0.1717;EUR_AF=0.6332;SAS_AF=0.7106;AA=A|||;VT=SNP,GT,0|0,1|1,1|0,0|1,1|1,1|0,1|1,1|1,1|1,0|0,1|1,1|1,0|1,1|1,1|1,1|1,1|1,1|1,1|1,1|1,1|1,0|1,1|1,1|0,0|0,1|1,0|1,0|1,1|1,1|0,1|1,1|0,1|1,0|0,0|1,1|1,0|1,1|1,0|1,0|1,1|1,1|0,0|1,1|0,0|0,0|0,1|1,1|1,0|1,0|1,0|0,1|1,1|1,1|1,0|1,1|1,1|1,1|1,0|1,1|1,1|0,1|1,1|0,0|1,0|0,0|1,0|0,0|1,1|1,0|0,0|1,1|1,1|1,0|1,1|0,0|1,1|1,0|0,1|1,0|1,1|0
22,41929175,rs2076198,T,G,100,PASS,AC=1409;AF=0.28135;AN=5008;NS=2504;DP=19827;EAS_AF=0.245;AMR_AF=0.2795;AFR_AF=0.1127;EUR_AF=0.4781;SAS_AF=0.3456;AA=T|||;VT=SNP,GT,1|1,0|0,0|1,1|0,1|0,0|1,1|0,0|1,1|0,0|1,0|0,0|0,0|0,0|1,0|0,1|1,0|0,1|1,1|1,0|1,1|0,1|0,0|1,1|1,1|1,0|0,1|0,1|0,0|0,0|0,0|0,1|1,1|0,1|1,0|0,1|0,1|0,1|0,1|0,0|0,0|1,0|0,1|0,0|1,1|1,1|1,0|1,0|0,0|0,1|0,1|0,1|0,0|0,1|1,1|1,0|0,1|1,0|0,1|1,0|0,0|1,0|1,0|0,0|0,0|0,1|1,1|1,1|1,0|1,1|1,1|0,0|0,0|1,0|0,0|0,0|0,0|0,0|1,1|0,1|1,0|0
22,42343091,rs6002555,G,A,100,PASS,AC=2256;AF=0.450479;AN=5008;NS=2504;DP=14592;EAS_AF=0.126;AMR_AF=0.5202;AFR_AF=0.9183;EUR_AF=0.2147;SAS_AF=0.3456;AA=A|||;VT=SNP;EX_TARGET,GT,0|0,0|0,0|1,0|1,0|1,1|0,0|0,1|0,1|0,1|0,0|1,0|0,0|0,0|1,1|1,1|0,0|0,1|0,1|0,0|0,0|0,0|0,1|0,1|0,0|0,0|0,0|0,0|0,0|1,1|0,0|0,0|0,0|0,0|0,0|0,0|0,0|0,0|0,0|0,0|1,0|0,1|0,0|1,1|0,0|0,0|0,0|1,0|0,0|0,0|0,0|0,1|1,1|0,1|1,0|0,1|1,0|0,1|0,0|1,0|1,0|0,0|0,0|1,0|0,1|0,0|1,0|0,0|1,0|1,0|0,0|0,0|0,1|1,0|0,0|0,0|0,0|0,0|0,1|1,1|1,1|0
22,42743922,rs6002697,C,G,100,PASS,AC=1426;AF=0.284744;AN=5008;NS=2504;DP=15807;EAS_AF=0.2292;AMR_AF=0.4827;AFR_AF=0.1082;EUR_AF=0.3539;SAS_AF=0.3691;AA=C|||;VT=SNP,GT,1|0,1|0,0|0,0|0,0|0,0|1,0|1,0|1,1|1,0|0,1|0,1|0,0|0,1|0,0|1,0|1,1|0,0|0,0|1,1|0,1|1,0|1,0|1,1|0,0|0,0|0,0|1,0|1,0|0,0|0,0|1,0|1,1|1,1|1,0|0,0|1,0|1,1|1,0|0,0|1,1|0,0|0,1|0,0|0,1|1,1|1,0|0,0|0,0|1,0|1,0|0,0|1,1|1,0|0,1|0,1|0,1|1,0|0,1|0,1|0,0|0,0|0,0|0,0|1,0|0,0|1,1|1,0|0,1|0,0|0,0|1,1|0,1|0,0|0,1|0,0|0,1|1,0|0,1|1,0|0,1|0
22,43144502,rs6002938,A,G,100,PASS,AC=2448;AF=0.488818;AN=5008;NS=2504;DP=11650;EAS_AF=0.4742;AMR_AF=0.4366;AFR_AF=0.5741;EUR_AF=0.3767;SAS_AF=0.5409;AA=G|||;VT=SNP,GT,0|0,1|0,0|0,0|0,1|0,1|0,0|0,1|0,1|0,1|1,0|1,1|1,1|1,0|0,0|1,0|1,1|1,0|0,0|0,0|0,0|0,0|1,1|0,0|0,1|0,0|0,0|1,0|0,0|0,0|0,1|0,1|0,0|1,1|0,0|1,1|0,0|0,0|0,1|1,0|1,0|1,0|1,1|0,0|1,0|0,1|0,0|0,0|0,1|1,0|1,0|1,1|0,1|0,1|1,1|1,1|0,0|0,0|0,0|1,1|1,0|0,1|1,0|0,0|1,0|0,0|0,1|0,0|1,1|0,0|0,0|1,0|1,1|0,1|1,0|0,1|1,0|0,0|0,0|1,0|0,0|0
22,43544823,rs739092,C,T,100,PASS,AC=2465;AF=0.492212;AN=5008;NS=2504;DP=18600;EAS_AF=0.9841;AMR_AF=0.4251;AFR_AF=0.171;EUR_AF=0.3022;SAS_AF=0.6626;AA=C|||;VT=SNP,GT,0|0,0|1,0|0,1|0,0|0,0|1,0|0,0|1,0|0,1|0,0|0,0|0,1|0,1|1,0|0,0|0,0|0,0|0,1|0,0|0,0|0,0|0,1|1,0|1,0|0,0|0,0|0,0|1,1|0,1|0,1|0,0|0,0|0,0|0,1|0,0|0,0|0,0|0,0|0,0|0,0|0,1|1,0|1,1|0,0|1,1|1,1|1,0|1,0|0,1|0,1|0,0|0,0|0,0|0,0|1,0|1,0|1,1|1,1|0,1|0,0|1,0|0,0|0,1|0,0|0,0|1,0|0,1|0,0|1,0|0,0|0,0|0,0|1,1|1,0|0,0|0,1|0,1|1,1|1,1|0,0|1
22,43946723,rs137158,T,C,100,PASS,AC=3736;AF=0.746006;AN=5008;NS=2504;DP=15920;EAS_AF=0.7708;AMR_AF=0.8444;AFR_AF=0.8048;EUR_AF=0.7107;SAS_AF=0.6074;AA=C|||;VT=SNP,GT,0|1,0|0,1|1,1|1,0|1,1|1,0|1,1|1,1|0,1|0,0|1,0|1,1|0,1|1,1|0,1|1,1|1,1|0,0|1,1|1,1|1,1|1,1|0,1|1,1|0,0|1,1|1,0|1,1|0,0|1,1|0,1|0,1|0,0|0,1|1,1|1,1|1,1|1,1|1,1|0,1|1,1|1,1|1,1|1,0|0,0|1,1|1,1|0,1|1,1|1,0|0,1|0,0|1,1|1,1|0,0|1,1|1,0|1,1|1,1|0,1|0,1|1,1|1,1|1,1|0,1|1,1|1,0|0,0|1,1|1,1|0,1|0,0|0,0|1,0|0,1|0,1|1,1|0,1|0,0|1,1|1
22,44346965,rs5764043,G,A,100,PASS,AC=1211;AF=0.241813;AN=5008;NS=2504;DP=14924;EAS_AF=0.3502;AMR_AF=0.1801;AFR_AF=0.2057;EUR_AF=0.2227;SAS_AF=0.2423;AA=G|||;VT=SNP,GT,0|1,0|0,0|0,1|1,0|0,1|0,0|0,1|1,0|0,1|1,1|0,0|0,0|0,0|0,0|0,0|0,0|1,0|0,1|0,0|0,0|0,0|1,0|0,1|0,0|0,0|0,0|0,0|0,0|0,0|0,0|0,0|1,0|0,0|0,0|0,0|1,1|1,1|0,0|0,0|0,0|0,0|0,1|1,0|1,1|0,0|0,0|1,0|0,0|1,0|0,0|0,0|0,0|0,1|1,1|1,1|0,0|0,0|0,0|0,0|1,1|0,1|0,0|0,0|0,0|1,1|1,1|0,0|1,0|0,0|0,0|0,0|0,1|1,0|0,0|1,0|0,0|0,1|0,1|0,1|0,1|0
22,44746997,rs763045,C,T,100,PASS,AC=3245;AF=0.647963;AN=5008;NS=2504;DP=17582;EAS_AF=0.5843;AMR_AF=0.6628;AFR_AF=0.8336;EUR_AF=0.4264;SAS_AF=0.68;AA=T|||;VT=SNP,GT,1|0,0|1,0|1,1|0,1|0,1|0,0|0,0|0,0|0,1|0,0|0,1|0,0|0,0|1,0|0,0|0,1|0,1|0,0|0,1|1,0|0,1|0,0|0,0|0,1|1,1|0,0|0,1|0,1|1,1|0,0|1,0|1,0|1,1|0,1|1,1|1,0|0,0|1,0|1,0|0,0|1,1|0,0|0,0|0,0|0,0|0,0|0,0|0,0|0,1|0,0|0,0|1,0|0,1|0,1|0,0|0,0|1,1|0,1|0,1|1,0|0,0|0,0|1,1|1,0|0,1|0,1|0,0|1,0|0,1|0,0|0,0|0,0|0,0|0,0|0,0|0,1|0,1|1,0|1,1|0,0|0
22,45148200,rs9614900,C,T,100,PASS,AC=2348;AF=0.46885;AN=5008;NS=2504;DP=7756;EAS_AF=0.3611;AMR_AF=0.6196;AFR_AF=0.2519;EUR_AF=0.5944;SAS_AF=0.637;AA=c|||;VT=SNP,GT,1|1,0|0,1|1,1|1,1|1,0|0,1|1,0|1,1|1,0|0,0|1,0|1,0|0,1|1,1|1,1|1,0|0,1|0,1|1,1|0,1|0,1|1,1|1,0|1,1|1,1|1,0|0,1|1,0|1,1|0,1|1,1|1,0|1,1|1,1|1,1|1,1|0,1|1,0|1,0|0,0|1,0|0,0|1,0|0,1|0,0|1,1|0,0|0,0|1,0|0,0|0,1|0,0|1,1|0,1|0,1|0,1|0,0|0,1|0,0|1,0|1,1|1,0|1,0|0,0|1,1|1,1|1,1|1,1|1,0|0,0|1,1|1,0|1,0|1,1|0,0|1,1|1,1|0,1|1,1|1,1|1
22,45549849,rs4823448,G,C,100,PASS,AC=2810;AF=0.561102;AN=5008;NS=2504;DP=17900;EAS_AF=0.4593;AMR_AF=0.5288;AFR_AF=0.6498;EUR_AF=0.5368;SAS_AF=0.5941;AA=N|||;VT=SNP,GT,0|1,1|0,0|1,1|1,0|0,0|1,1|1,0|1,1|1,1|1,0|1,1|0,0|0,0|0,1|0,0|1,0|0,1|0,1|1,1|0,0|1,0|0,0|0,1|0,1|0,1|1,1|1,1|0,1|0,0|0,0|1,1|0,0|0,0|1,0|0,1|0,1|0,1|1,0|0,0|1,1|1,0|0,1|0,0|0,1|1,0|0,1|0,1|1,1|1,1|1,0|1,1|0,1|0,0|0,0|1,1|1,1|0,1|1,0|1,0|0,0|1,0|0,1|1,1|1,0|0,1|0,0|0,1|0,1|1,1|0,0|0,1|0,0|0,0|0,1|0,1|1,1|0,1|1,0|0,1|0,1|1
22,45950803,rs7284208,G,A,100,PASS,AC=3101;AF=0.619209;AN=5008;NS=2504;DP=17422;EAS_AF=0.5685;AMR_AF=0.6182;AFR_AF=0.7753;EUR_AF=0.5954;SAS_AF=0.4857;AA=A|||;VT=SNP,GT,0|0,0|1,1|1,0|1,0|0,0|1,0|1,0|0,1|1,1|0,0|1,1|1,0|0,0|1,1|1,0|1,1|1,1|0,1|0,1|0,0|0,0|0,1|1,0|1,0|0,0|1,1|0,1|1,0|1,1|1,0|0,0|1,0|1,1|1,1|0,0|1,1|1,1|1,1|1,1|0,1|1,1|1,0|0,0|0,0|1,0|1,0|1,1|1,1|1,0|1,1|1,1|0,1|0,0|0,1|0,1|1,0|0,0|1,0|1,0|1,1|0,1|1,1|0,0|1,0|0,1|1,0|1,1|1,1|1,1|0,0|0,1|1,0|1,0|0,0|0,1|0,0|0,1|1,1|1,0|0,0|1
22,46351783,rs10448584,C,T,100,PASS,AC=1452;AF=0.289936;AN=5008;NS=2504;DP=18285;EAS_AF=0.3552;AMR_AF=0.3818;AFR_AF=0.053;EUR_AF=0.3062;SAS_AF=0.4611;AA=C|||;VT=SNP,GT,0|0,0|0,1|0,0|0,0|0,1|1,0|1,1|0,1|1,0|0,1|1,0|0,1|0,1|1,0|0,0|0,0|1,0|0,0|0,0|0,0|0,0|0,0|0,0|1,0|0,1|1,0|0,0|1,0|0,0|1,0|1,0|1,0|1,0|0,0|1,0|0,0|0,0|0,0|1,0|0,0|0,0|0,0|1,0|0,0|1,0|0,0|0,1|0,0|1,0|0,1|0,0|0,1|1,1|1,1|1,0|1,0|0,0|0,1|0,1|0,1|0,0|1,0|1,1|0,0|1,0|0,0|0,0|0,0|0,0|1,1|0,0|0,0|0,1|0,0|0,0|0,0|0,0|0,1|1,1|0,0|0
22,46819796,rs126574,T,C,100,PASS,AC=3615;AF=0.721845;AN=5008;NS=2504;DP=14350;EAS_AF=0.7073;AMR_AF=0.7435;AFR_AF=0.6899;EUR_AF=0.7177;SAS_AF=0.7689;AA=C|||;VT=SNP,GT,1|1,1|1,1|1,1|1,1|1,1|1,1|1,1|1,1|1,0|0,0|0,1|0,1|1,0|0,0|0,1|0,1|1,1|1,1|0,1|1,1|1,0|1,1|0,0|1,0|1,1|1,0|1,0|1,1|1,1|1,1|1,1|1,1|1,1|0,0|1,1|1,1|0,1|1,1|1,1|1,1|1,1|1,0|1,1|0,1|1,1|0,1|0,1|1,0|1,1|1,1|0,1|0,1|0,1|1,1|0,1|1,1|1,1|1,1|1,1|1,0|1,1|0,1|1,1|0,1|1,1|1,1|1,1|1,0|1,1|1,0|0,0|1,1|0,1|1,1|0,1|1,0|0,1|1,1|1,1|1,0|1
22,47220442,rs139591,A,G,100,PASS,AC=2297;AF=0.458666;AN=5008;NS=2504;DP=19383;EAS_AF=0.3929;AMR_AF=0.4049;AFR_AF=0.6142;EUR_AF=0.3738;SAS_AF=0.4417;AA=G|||;VT=SNP,GT,1|1,0|0,0|1,0|0,0|0,0|0,0|1,1|1,0|1,0|0,0|1,0|0,1|0,0|1,1|0,0|0,1|1,0|1,1|0,0|0,1|0,0|1,0|1,0|0,1|1,1|0,0|0,1|1,0|0,1|1,1|0,0|0,0|0,0|1,0|0,0|0,1|0,1|0,0|0,0|1,0|0,0|0,0|1,0|1,1|0,0|0,1|0,0|1,0|0,1|0,0|0,1|1,0|0,1|0,1|1,0|0,0|0,1|0,1|1,0|0,0|0,0|0,0|1,1|1,1|1,0|1,0|0,0|0,0|0,1|0,0|0,0|0,0|0,0|0,0|0,0|0,0|1,1|0,0|0,0|1,1|0
22,47620477,rs1474857,G,A,100,PASS,AC=1791;AF=0.357628;AN=5008;NS=2504;DP=14080;EAS_AF=0.4216;AMR_AF=0.2594;AFR_AF=0.3835;EUR_AF=0.3648;SAS_AF=0.319;AA=G|||;VT=SNP,GT,0|0,0|0,1|1,0|1,0|1,1|1,1|0,1|0,1|0,0|0,0|1,1|0,0|0,1|0,0|1,0|1,1|0,0|0,1|0,0|0,1|1,1|1,0|1,1|1,1|1,1|1,0|0,1|0,0|0,0|0,0|0,1|1,1|0,0|0,0|1,1|0,0|0,0|1,0|1,1|0,1|0,0|0,0|0,0|0,1|0,0|0,1|0,0|0,0|1,0|1,0|1,1|0,1|1,1|0,0|0,0|1,0|1,0|0,1|0,1|0,1|0,0|1,0|0,1|1,0|0,0|1,0|0,1|1,1|1,1|0,0|1,0|0,0|0,1|0,0|0,0|0,0|0,1|0,0|1,1|0,0|0
22,48020986,rs877528,G,A,100,PASS,AC=1958;AF=0.390974;AN=5008;NS=2504;DP=16893;EAS_AF=0.5556;AMR_AF=0.4611;AFR_AF=0.1467;EUR_AF=0.3817;SAS_AF=0.5112;AA=A|||;VT=SNP,GT,1|0,0|0,1|0,0|1,0|0,1|1,1|0,0|0,0|1,1|0,0|0,0|1,0|1,1|0,0|0,1|0,0|0,1|0,0|0,0|0,0|1,1|1,0|0,0|0,0|1,1|1,0|0,1|0,0|0,0|0,0|0,0|0,0|0,0|0,1|0,1|0,0|0,0|1,1|0,0|0,0|0,0|0,0|1,0|1,0|0,0|0,0|0,0|0,1|1,0|0,1|0,0|0,0|0,0|0,1|0,0|0,0|0,1|1,0|1,0|0,1|0,0|0,0|1,0|1,0|1,1|0,0|1,1|0,0|1,0|0,0|0,0|0,1|0,1|0,0|0,1|1,0|0,1|1,0|1,0|0,0|0
22,48424743,rs9615258,T,C,100,PASS,AC=2101;AF=0.419529;AN=5008;NS=2504;DP=16880;EAS_AF=0.5377;AMR_AF=0.5533;AFR_AF=0.2126;EUR_AF=0.6044;SAS_AF=0.2924;AA=C|||;VT=SNP,GT,1|0,1|1,1|1,1|0,0|0,0|1,0|1,0|1,0|1,1|0,1|0,1|1,0|1,1|1,1|1,1|0,1|1,1|1,1|0,0|1,1|0,1|1,1|1,0|1,1|1,1|1,1|1,1|0,1|0,1|1,0|1,1|0,1|1,0|1,0|0,1|0,1|0,1|0,1|0,1|0,1|0,1|1,1|1,1|1,1|0,0|1,0|1,1|1,1|0,0|1,0|1,0|0,1|0,0|1,0|1,0|0,1|0,1|0,1|1,0|1,0|1,0|0,0|1,1|0,0|1,1|1,1|1,1|1,0|1,0|0,1|1,0|0,0|1,1|1,1|1,0|1,0|1,1|1,1|1,1|0,0|0
22,48824991,rs7288377,G,A,100,PASS,AC=3238;AF=0.646565;AN=5008;NS=2504;DP=17148;EAS_AF=0.754;AMR_AF=0.6888;AFR_AF=0.6944;EUR_AF=0.5656;SAS_AF=0.5245;AA=G|||;VT=SNP,GT,1|1,0|1,1|0,1|1,0|1,0|1,1|1,1|1,1|0,1|0,0|0,1|1,1|0,0|0,1|1,0|0,0|1,0|0,1|0,1|1,1|1,1|0,1|0,1|0,0|1,1|1,0|1,0|0,1|0,1|1,0|0,0|0,1|0,1|0,1|0,0|1,1|0,1|0,1|0,0|1,0|0,1|1,1|0,0|1,1|1,1|1,1|0,1|0,0|1,0|0,1|0,1|0,1|1,0|0,1|0,0|1,1|1,0|1,0|0,1|0,1|0,0|0,0|1,1|0,1|1,0|1,1|1,0|1,1|0,1|1,0|0,0|1,0|0,1|1,0|1,0|1,1|0,1|1,1|1,1|0,0|1
22,49225140,rs7288714,A,G,100,PASS,AC=2121;AF=0.423522;AN=5008;NS=2504;DP=21076;EAS_AF=0.248;AMR_AF=0.3948;AFR_AF=0.4985;EUR_AF=0.5477;SAS_AF=0.3957;AA=G|||;VT=SNP,GT,0|0,0|0,0|0,1|0,0|0,1|1,1|1,1|0,0|1,0|1,1|0,1|1,0|1,0|1,0|1,0|1,0|0,0|0,0|1,1|0,1|1,1|0,1|0,1|0,1|1,0|1,1|0,1|1,1|1,1|1,0|1,1|0,0|0,1|0,1|0,0|1,1|0,1|1,1|1,1|1,0|0,0|1,0|0,1|0,1|0,0|1,0|1,0|0,1|1,1|1,0|0,0|0,0|1,0|0,0|1,1|0,1|1,1|0,0|0,1|1,0|0,0|0,0|0,0|1,0|0,0|1,1|1,0|1,0|1,0|0,0|0,1|1,0|1,0|0,1|1,0|1,0|1,1|0,0|0,0|0,1|1
22,49625286,rs2858613,C,T,100,PASS,AC=1757;AF=0.350839;AN=5008;NS=2504;DP=19726;EAS_AF=0.4008;AMR_AF=0.4409;AFR_AF=0.115;EUR_AF=0.3728;SAS_AF=0.5317;AA=C|||;VT=SNP,GT,0|1,0|0,0|0,0|1,1|0,0|0,1|0,0|0,0|0,0|0,0|0,0|0,1|0,1|1,0|1,0|1,0|0,1|0,1|1,1|0,0|0,1|0,1|1,0|0,1|1,0|1,0|1,0|0,0|0,0|0,1|0,0|0,1|0,1|1,0|0,0|1,0|0,0|0,0|0,1|1,0|1,1|1,1|0,0|1,1|0,0|1,0|0,1|0,1|0,0|0,1|1,1|0,0|0,0|0,1|0,0|0,1|0,0|0,0|1,1|0,1|0,1|0,1|0,1|1,0|0,0|0,1|1,0|0,0|0,1|1,0|0,1|0,0|1,1|0,0|0,1|0,1|1,0|1,0|0,1|0,1|0
22,50025546,rs9616701,G,A,100,PASS,AC=2139;AF=0.427117;AN=5008;NS=2504;DP=22344;EAS_AF=0.3393;AMR_AF=0.6974;AFR_AF=0.1732;EUR_AF=0.6233;SAS_AF=0.4673;AA=.|||;VT=SNP,GT,1|1,1|1,1|1,1|0,1|1,1|0,0|0,1|1,1|0,1|1,1|1,0|0,1|0,1|1,1|0,1|0,1|0,0|1,1|1,0|1,1|1,1|0,1|1,0|1,1|0,1|1,1|0,0|0,0|1,1|0,0|0,1|0,1|0,1|1,1|0,1|0,1|0,1|0,1|1,0|0,0|0,1|0,1|1,0|1,1|0,0|1,1|0,0|1,1|0,1|1,0|1,1|0,1|1,0|0,0|0,0|1,1|0,1|0,1|0,1|1,1|1,0|1,0|0,1|1,0|0,1|1,1|0,0|0,1|1,0|0,1|1,1|0,1|1,1|0,1|1,0|1,0|1,1|0,1|0,0|0,0|1
22,50425779,rs4838881,C,T,100,PASS,AC=2201;AF=0.439497;AN=5008;NS=2504;DP=9398;EAS_AF=0.4415;AMR_AF=0.5461;AFR_AF=0.4909;EUR_AF=0.494;SAS_AF=0.2362;AA=N|||;VT=SNP,GT,0|0,1|0,1|1,0|0,1|0,0|1,0|1,1|1,0|1,1|0,1|0,1|0,0|0,0|0,1|0,0|1,0|1,1|0,0|0,1|0,0|1,0|0,0|0,1|0,0|1,1|0,1|0,0|1,0|0,1|0,1|0,0|1,1|1,1|1,1|0,0|1,0|1,1|0,0|0,0|0,1|1,1|1,0|0,0|0,0|1,0|1,1|0,0|1,0|1,0|1,1|1,0|0,1|1,1|1,1|0,0|0,0|1,1|0,1|0,1|1,0|0,0|1,1|0,1|0,1|0,1|1,1|0,1|1,1|1,0|0,0|1,0|1,0|0,1|0,0|0,1|0,1|0,0|1,1|1,1|0,1|1
22,50826336,rs8142016,C,T,100,PASS,AC=2102;AF=0.419728;AN=5008;NS=2504;DP=19282;EAS_AF=0.4187;AMR_AF=0.4323;AFR_AF=0.2837;EUR_AF=0.3787;SAS_AF=0.638;AA=T|||;VT=SNP,GT,1|1,0|1,0|0,1|0,1|0,0|1,1|0,1|1,0|0,0|0,0|0,0|0,1|0,0|0,0|1,0|0,0|0,0|0,1|0,1|0,1|0,1|0,0|0,0|0,0|1,0|1,1|0,1|1,0|0,1|1,0|1,0|0,0|1,1|0,1|0,0|1,1|1,1|0,1|1,0|0,1|1,0|0,1|0,1|1,0|0,0|1,1|0,0|1,1|0,0|1,0|1,0|0,1|0,0|0,0|0,1|0,0|0,0|1,1|1,0|0,0|0,0|1,0|1,0|0,0|1,0|0,0|0,1|0,1|1,0|1,1|0,0|0,0|1,1|0,0|0,1|0,1|1,1|1,0|0,0|0,0|1
22,51227030,rs62240032,A,G,100,PASS,AC=3511;AF=0.701078;AN=5008;NS=2504;DP=10149;EAS_AF=0.7073;AMR_AF=0.6412;AFR_AF=0.9168;EUR_AF=0.671;SAS_AF=0.4765;AA=.|||;VT=SNP,GT,0|0,1|1,1|1,1|1,1|1,1|0,0|1,1|0,0|0,0|1,0|0,1|1,1|1,1|1,0|1,1|1,1|1,0|1,0|0,0|1,1|1,1|1,1|1,0|1,1|1,0|0,0|0,1|1,1|1,1|0,0|0,1|0,1|1,1|1,0|1,1|1,1|0,1|1,1|1,1|1,0|1,1|1,1|1,0|0,0|0,0|1,1|0,1|1,0|1,1|1,0|1,0|1,1|1,1|1,1|1,0|1,1|1,1|1,1|0,1|1,1|1,1|1,1|1,0|0,1|1,1|1,1|0,1|1,1|1,1|1,0|0,1|1,1|1,1|1,1|1,1|1,1|1,1|1,1|1,1|1,1|0
